Name,Email,Subject,Message
,,,
,,,
,,,
,,,
,,,
,,,
,,,
,,,
,,,
,,,
Turbo,turbopower@gmail.com,Turbo Is A Bustardo,"Don't wait up for me. I will marry soon.

Regards
Tubra"
Gori,gori@gmail.com,Something Important,And this is the body of the message.
Gori,gori@gmail.com,Something Important,And this is the body of the message.sadads
Hola,bola@gmail.com,Chola,Dodfj fkajs dklfjasdhf dsjfkljds afjh;dsjfhw[eohfwe h04yheri[gfr rghifoh jgikj fdkgh ;sghfso ;body = email_content.format(**email_data)
Hola,bola@gmail.com,Chola,"I'm always excited to hear from new people. Whether you have a question, a comment, or a brilliant idea, I'm here to listen.

Please don't hesitate to reach me. Think of all the fun we can have together. My contact info is provided below. I'm particularly interested in hearing from people who are:I'm always excited to hear from new people. Whether you have a question, a comment, or a brilliant idea, I'm here to listen.

Please don't hesitate to reach me. Think of all the fun we can have together. My contact info is provided below. I'm particularly interested in hearing from people who are:I'm always excited to hear from new people. Whether you have a question, a comment, or a brilliant idea, I'm here to listen.

Please don't hesitate to reach me. Think of all the fun we can have together. My contact info is provided below. I'm particularly interested in hearing from people who are:I'm always excited to hear from new people. Whether you have a question, a comment, or a brilliant idea, I'm here to listen.

Please don't hesitate to reach me. Think of all the fun we can have together. My contact info is provided below. I'm particularly interested in hearing from people who are:I'm always excited to hear from new people. Whether you have a question, a comment, or a brilliant idea, I'm here to listen.

Please don't hesitate to reach me. Think of all the fun we can have together. My contact info is provided below. I'm particularly interested in hearing from people who are:"
Holaa,bolsa@gmail.com,Cholaa,"I'm always excited to hear from new people. Whether you have a question, a comment, or a brilliant idea, I'm here to listen.

Please don't hesitate to reach me. Think of all the fun we can have together. My contact info is provided below. I'm particularly interested in hearing from people who are:I'm always excited to hear from new people. Whether you have a question, a comment, or a brilliant idea, I'm here to listen.

Please don't hesitate to reach me. Think of all the fun we can have together. My contact info is provided below. I'm particularly interested in hearing from people who are:I'm always excited to hear from new people. Whether you have a question, a comment, or a brilliant idea, I'm here to listen.

Please don't hesitate to reach me. Think of all the fun we can have together. My contact info is provided below. I'm particularly interested in hearing from people who are:I'm always excited to hear from new people. Whether you have a question, a comment, or a brilliant idea, I'm here to listen.

Please don't hesitate to reach me. Think of all the fun we can have together. My contact info is provided below. I'm particularly interested in hearing from people who are:I'm always excited to hear from new people. Whether you have a question, a comment, or a brilliant idea, I'm here to listen.

Please don't hesitate to reach me. Think of all the fun we can have together. My contact info is provided below. I'm particularly interested in hearing from people who are:"
This,issometgho@gmail.com,Got to be,"I'm always excited to hear from new people. Whether you have a question, a comment, or a brilliant idea, I'm here to listen.

Please don't hesitate to reach me. Think of all the fun we can have together. My contact info is provided below. I'm particularly interested in hearing from people who are:I'm always excited to hear from new people. Whether you have a question, a comment, or a brilliant idea, I'm here to listen.

Please don't hesitate to reach me. Think of all the fun we can have together. My contact info is provided below. I'm particularly interested in hearing from people who are:I'm always excited to hear from new people. Whether you have a question, a comment, or a brilliant idea, I'm here to listen.

Please don't hesitate to reach me. Think of all the fun we can have together. My contact info is provided below. I'm particularly interested in hearing from people who are:I'm always excited to hear from new people. Whether you have a question, a comment, or a brilliant idea, I'm here to listen.

Please don't hesitate to reach me. Think of all the fun we can have together. My contact info is provided below. I'm particularly interested in hearing from people who are:I'm always excited to hear from new people. Whether you have a question, a comment, or a brilliant idea, I'm here to listen.

Please don't hesitate to reach me. Think of all the fun we can have together. My contact info is provided below. I'm particularly interested in hearing from people who are:"
Great,toseeeyou@gmail.com,Something,"I'm always excited to hear from new people. Whether you have a question, a comment, or a brilliant idea, I'm here to listen.

Please don't hesitate to reach me. Think of all the fun we can have together. My contact info is provided below. I'm particularly interested in hearing from people who are:I'm always excited to hear from new people. Whether you have a question, a comment, or a brilliant idea, I'm here to listen.

Please don't hesitate to reach me. Think of all the fun we can have together. My contact info is provided below. I'm particularly interested in hearing from people who are:I'm always excited to hear from new people. Whether you have a question, a comment, or a brilliant idea, I'm here to listen.

Please don't hesitate to reach me. Think of all the fun we can have together. My contact info is provided below. I'm particularly interested in hearing from people who are:I'm always excited to hear from new people. Whether you have a question, a comment, or a brilliant idea, I'm here to listen.

Please don't hesitate to reach me. Think of all the fun we can have together. My contact info is provided below. I'm particularly interested in hearing from people who are:I'm always excited to hear from new people. Whether you have a question, a comment, or a brilliant idea, I'm here to listen.

Please don't hesitate to reach me. Think of all the fun we can have together. My contact info is provided below. I'm particularly interested in hearing from people who are:I'm always excited to hear from new people. Whether you have a question, a comment, or a brilliant idea, I'm here to listen.

Please don't hesitate to reach me. Think of all the fun we can have together. My contact info is provided below. I'm particularly interested in hearing from people who are:"
Ggredreat,toseeeyou@gmail.com,Something,"I'm always excited to hear from new people. Whether you have a question, a comment, or a brilliant idea, I'm here to listen.

Please don't hesitate to reach me. Think of all the fun we can have together. My contact info is provided below. I'm particularly interested in hearing from people who are:I'm always excited to hear from new people. Whether you have a question, a comment, or a brilliant idea, I'm here to listen.

Please don't hesitate to reach me. Think of all the fun we can have together. My contact info is provided below. I'm particularly interested in hearing from people who are:I'm always excited to hear from new people. Whether you have a question, a comment, or a brilliant idea, I'm here to listen.

Please don't hesitate to reach me. Think of all the fun we can have together. My contact info is provided below. I'm particularly interested in hearing from people who are:I'm always excited to hear from new people. Whether you have a question, a comment, or a brilliant idea, I'm here to listen.

Please don't hesitate to reach me. Think of all the fun we can have together. My contact info is provided below. I'm particularly interested in hearing from people who are:I'm always excited to hear from new people. Whether you have a question, a comment, or a brilliant idea, I'm here to listen.

Please don't hesitate to reach me. Think of all the fun we can have together. My contact info is provided below. I'm particularly interested in hearing from people who are:I'm always excited to hear from new people. Whether you have a question, a comment, or a brilliant idea, I'm here to listen.

Please don't hesitate to reach me. Think of all trgrfgedrhe fun we can have together. My contact info is provided below. I'm particularly interested in hearing from people who are:"
